project_id,quarter,dspd,ltbf,qd,n_prs,n_releases,median_cycle_days,churn_ratio,first_time_merge_rate
django,2019Q1,17.02,8.91,5.12,28,3,8.91,0.296,0.455
django,2019Q2,13.88,9.71,4.22,63,5,9.71,0.401,0.439
django,2019Q3,16.33,10.64,4.81,41,2,10.64,0.347,0.468
django,2019Q4,15.64,8.77,4.29,141,10,8.77,0.378,0.503
django,2020Q1,14.52,9.88,4.88,55,5,9.88,0.332,0.559
django,2020Q2,16.01,11.02,4.06,18,2,11.02,0.301,0.492
django,2020Q3,16.44,9.97,5.33,44,4,9.97,0.249,0.537
django,2020Q4,15.19,10.12,4.33,67,5,10.12,0.359,0.471
django,2021Q1,15.77,8.95,4.09,89,7,8.95,0.298,0.529
django,2021Q2,14.42,9.33,4.92,48,4,9.33,0.276,0.521
django,2021Q3,13.91,8.88,4.48,49,3,8.88,0.318,0.472
django,2021Q4,15.08,10.11,4.76,79,6,10.11,0.351,0.508
django,2022Q1,13.95,9.02,3.96,60,5,9.02,0.309,0.526
django,2022Q2,15.27,10.02,5.01,19,2,10.02,0.382,0.498
django,2022Q3,12.91,9.43,4.66,18,2,9.43,0.371,0.529
django,2022Q4,11.77,9.88,4.71,145,12,9.88,0.273,0.466
django,2023Q1,12.42,8.45,5.27,27,3,8.45,0.341,0.492
django,2023Q2,13.91,9.88,4.66,18,2,9.88,0.378,0.481
django,2023Q3,11.44,10.51,5.09,36,4,10.51,0.262,0.557
django,2023Q4,12.96,9.73,4.38,58,6,9.73,0.322,0.531
django,2024Q1,13.18,9.84,4.22,46,5,9.84,0.348,0.471
django,2024Q2,11.79,10.67,5.02,42,5,10.67,0.369,0.446
django,2024Q3,12.89,9.02,4.61,66,6,9.02,0.271,0.518
django,2024Q4,13.42,8.78,4.91,71,6,8.78,0.352,0.541
kubernetes,2019Q1,10.42,9.13,1.55,23,2,9.13,0.321,0.503
kubernetes,2019Q2,8.27,10.04,1.63,29,4,10.04,0.287,0.468
kubernetes,2019Q3,9.03,9.11,1.49,10,2,9.11,0.338,0.461
kubernetes,2019Q4,8.69,9.72,1.22,61,8,9.72,0.432,0.439
kubernetes,2020Q1,9.44,8.65,1.57,39,5,8.65,0.377,0.394
kubernetes,2020Q2,8.61,9.91,1.36,47,6,9.91,0.351,0.431
kubernetes,2020Q3,10.81,10.11,2.18,14,2,10.11,0.289,0.467
kubernetes,2020Q4,9.04,9.55,2.21,27,4,9.55,0.341,0.492
kubernetes,2021Q1,9.33,10.02,1.74,12,2,10.02,0.298,0.446
kubernetes,2021Q2,11.12,10.31,1.94,51,6,10.31,0.329,0.471
kubernetes,2021Q3,10.99,9.55,1.61,48,6,9.55,0.374,0.442
kubernetes,2021Q4,11.33,9.63,1.22,25,3,9.63,0.335,0.412
numpy,2019Q1,30.01,3.96,4.69,162,6,3.96,0.351,0.482
numpy,2019Q2,28.77,4.11,4.23,92,4,4.11,0.341,0.459
numpy,2019Q3,27.85,5.19,4.11,140,6,5.19,0.338,0.448
numpy,2019Q4,25.16,4.78,5.23,165,8,4.78,0.274,0.499
react,2019Q1,28.12,3.88,4.67,79,4,3.88,0.327,0.519
react,2019Q2,29.88,5.44,5.02,65,3,5.44,0.295,0.531
react,2019Q3,27.56,4.35,4.58,88,4,4.35,0.308,0.474
react,2019Q4,30.02,5.22,4.03,91,4,5.22,0.359,0.469
rust,2019Q1,18.04,8.01,5.21,55,4,8.01,0.245,0.543
rust,2019Q2,17.51,9.12,4.78,70,5,9.12,0.351,0.477
rust,2019Q3,15.83,8.67,4.63,36,3,8.67,0.277,0.526
rust,2019Q4,16.22,8.25,4.49,66,5,8.25,0.368,0.508
vscode,2019Q1,21.44,5.54,1.62,101,6,5.54,0.323,0.417
vscode,2019Q2,17.66,4.72,1.49,70,5,4.72,0.343,0.451
vscode,2019Q3,19.77,4.51,1.82,24,2,4.51,0.365,0.395
vscode,2019Q4,19.34,3.56,0.88,82,5,3.56,0.351,0.462