project_name,dspd,ltbf,qd
vscode_2021q1,11,6,3.2
vscode_2021q4,12,7,3.5
vscode_2022q3,15,5,4.1
vscode_2023q2,19,4,5.8
vscode_2024q1,21,3.5,6.9
vscode_2024q4,23,3,7.4
kubernetes_2021q2,9,8,2.8
kubernetes_2022q4,11,9,2.5
kubernetes_2023q3,14,11,1.9
kubernetes_2024q2,18,13,1.4
react_2021q1,10,7,3.0
react_2022q2,13,6,3.4
react_2023q4,17,5,4.6
react_2024q3,20,4,5.5
django_2022q1,8,9,2.9
django_2023q2,10,10,2.4
django_2024q1,12,12,1.8
tensorflow_2022q3,16,11,2.1
tensorflow_2023q4,21,14,1.2
tensorflow_2024q2,24,16,0.9
spark_2022q4,9,9,2.7
spark_2024q1,15,10,2.3
rust_2023q1,13,5,4.2
rust_2024q2,18,3.5,6.1
numpy_2024q1,11,8,3.1
legacy_monolith,5,18,0.7
greenfield_ai_native,28,2.5,8.2
fintech_microsvc,16,7,4.8
embedded_iot,7,11,2.4
research_prototype,3,21,0.5
