project_id,quarter,dspd,ltbf,qd,phs,linguistic_state,rules_fired,n_rules_fired
django,2019Q1,16.21,9.38,4.72,52.21,Sustainable,"R4,R10",2
django,2019Q2,14.36,9.02,4.55,60.27,Sustainable,"R4,R5,R10,R11",4
django,2019Q3,15.11,10.0,4.47,35.0,At Risk,R10,1
django,2019Q4,14.95,9.08,4.71,61.41,Sustainable,"R4,R5,R10,R11",4
django,2020Q1,15.07,9.26,4.61,56.95,Sustainable,"R4,R5,R10,R11",4
django,2020Q2,15.25,10.56,4.31,35.0,At Risk,R10,1
django,2020Q3,15.92,10.22,5.03,50.0,Sustainable,NONE,0
django,2020Q4,14.88,9.75,4.61,47.54,Sustainable,"R4,R5,R10,R11",4
django,2021Q1,15.45,9.45,4.37,52.65,Sustainable,"R4,R5,R10",3
django,2021Q2,14.98,8.68,4.65,62.19,Sustainable,"R4,R5,R11",3
django,2021Q3,13.28,9.32,4.67,62.56,Sustainable,"R5,R11",2
django,2021Q4,14.9,9.89,4.6,42.67,At Risk,"R4,R5,R10,R11",4
django,2022Q1,13.42,9.54,3.85,60.0,Sustainable,R5,1
django,2022Q2,14.64,9.59,4.75,53.38,Sustainable,"R4,R5,R10,R11",4
django,2022Q3,13.54,8.9,4.88,68.52,High Performance,"R5,R11",2
django,2022Q4,12.03,9.41,4.92,69.85,High Performance,"R5,R11",2
django,2023Q1,11.38,8.09,5.02,72.5,High Performance,R11,1
django,2023Q2,14.56,9.46,4.54,53.07,Sustainable,"R4,R5,R10,R11",4
django,2023Q3,10.62,10.13,4.8,50.0,Sustainable,NONE,0
django,2023Q4,12.35,10.12,4.73,50.0,Sustainable,NONE,0
django,2024Q1,12.71,9.53,4.48,60.0,Sustainable,R5,1
django,2024Q2,11.2,10.12,4.8,50.0,Sustainable,NONE,0
django,2024Q3,12.12,9.33,4.85,67.52,High Performance,"R5,R11",2
django,2024Q4,13.05,9.06,4.77,64.85,Sustainable,"R5,R11",2
kubernetes,2019Q1,9.86,9.51,1.38,44.59,At Risk,"R5,R6,R8,R9",4
kubernetes,2019Q2,8.82,9.77,1.81,47.5,At Risk,"R5,R9",2
kubernetes,2019Q3,8.41,9.72,1.33,33.15,At Risk,"R5,R6,R8,R9",4
kubernetes,2019Q4,8.25,9.38,1.1,24.66,At Risk,"R6,R8",2
kubernetes,2020Q1,8.96,8.97,1.39,47.5,At Risk,"R5,R9",2
kubernetes,2020Q2,8.85,9.64,1.41,37.71,At Risk,"R5,R6,R8,R9",4
kubernetes,2020Q3,10.52,9.73,2.01,60.0,Sustainable,R5,1
kubernetes,2020Q4,8.5,9.86,2.07,47.5,At Risk,"R5,R9",2
kubernetes,2021Q1,8.92,9.78,1.66,47.5,At Risk,"R5,R9",2
kubernetes,2021Q2,10.72,10.74,1.71,50.0,Sustainable,NONE,0
kubernetes,2021Q3,10.45,9.88,1.73,60.0,Sustainable,R5,1
kubernetes,2021Q4,11.0,9.24,1.07,35.0,At Risk,R6,1
kubernetes,2022Q1,9.56,9.8,1.31,34.48,At Risk,"R5,R6,R8,R9",4
kubernetes,2022Q2,12.51,9.34,1.07,35.0,At Risk,R6,1
kubernetes,2022Q3,12.2,9.76,1.68,60.0,Sustainable,R5,1
kubernetes,2022Q4,11.46,8.71,2.2,60.0,Sustainable,R5,1
kubernetes,2023Q1,11.79,9.77,1.23,37.84,At Risk,"R5,R6",2
kubernetes,2023Q2,13.8,10.18,1.38,35.0,At Risk,R6,1
kubernetes,2023Q3,12.83,10.0,1.14,35.0,At Risk,R6,1
kubernetes,2023Q4,15.34,9.11,1.37,51.2,Sustainable,"R3,R4,R5,R6,R10",5
kubernetes,2024Q1,13.24,9.17,1.4,54.99,Sustainable,"R5,R6",2
kubernetes,2024Q2,14.99,9.23,1.67,56.56,Sustainable,"R4,R5,R10",3
kubernetes,2024Q3,14.41,9.29,1.08,24.79,At Risk,"R3,R6",2
kubernetes,2024Q4,14.13,8.97,1.39,60.0,Sustainable,"R4,R5",2
numpy,2019Q1,31.2,3.7,4.34,72.5,High Performance,R2,1
numpy,2019Q2,29.27,4.34,4.61,69.69,High Performance,"R1,R2,R4",3
numpy,2019Q3,26.52,4.93,4.36,60.57,Sustainable,"R2,R4",2
numpy,2019Q4,24.41,4.4,5.04,85.76,Elite AI Maturity,R1,1
numpy,2020Q1,28.3,4.66,4.41,63.14,Sustainable,"R2,R4",2
numpy,2020Q2,26.98,4.66,4.15,63.14,Sustainable,"R2,R4",2
numpy,2020Q3,28.26,4.18,4.84,77.5,High Performance,"R1,R2,R4",3
numpy,2020Q4,29.71,4.01,4.61,74.92,High Performance,"R1,R2,R4",3
numpy,2021Q1,28.28,4.32,4.71,71.75,High Performance,"R1,R2,R4",3
numpy,2021Q2,23.97,4.23,5.16,85.97,Elite AI Maturity,R1,1
numpy,2021Q3,24.36,4.46,4.7,69.97,High Performance,"R1,R2,R4",3
numpy,2021Q4,23.68,4.68,4.15,62.93,Sustainable,"R2,R4",2
numpy,2022Q1,27.39,4.51,4.68,69.34,High Performance,"R1,R2,R4",3
numpy,2022Q2,23.25,4.25,5.08,85.88,Elite AI Maturity,R1,1
numpy,2022Q3,20.97,5.12,4.61,60.0,Sustainable,R4,1
numpy,2022Q4,19.98,4.68,4.65,67.47,High Performance,"R1,R2,R4",3
numpy,2023Q1,18.46,4.03,4.36,72.07,High Performance,"R2,R4",2
numpy,2023Q2,18.48,3.83,4.58,74.37,High Performance,"R1,R2",2
numpy,2023Q3,17.55,5.41,4.72,60.0,Sustainable,R4,1
numpy,2023Q4,18.41,4.64,4.64,67.33,High Performance,"R1,R2,R4",3
numpy,2024Q1,17.51,4.74,4.53,63.15,Sustainable,"R1,R2,R4",3
numpy,2024Q2,15.17,4.89,4.84,70.06,High Performance,"R1,R2,R4,R5,R7,R11",6
numpy,2024Q3,12.63,4.51,4.43,60.0,Sustainable,"R5,R7",2
numpy,2024Q4,13.82,4.16,4.37,60.0,Sustainable,"R5,R7",2
react,2019Q1,27.47,4.0,4.34,72.5,High Performance,R2,1
react,2019Q2,30.61,5.18,4.8,60.0,Sustainable,R4,1
react,2019Q3,28.23,4.69,4.75,71.53,High Performance,"R1,R2,R4",3
react,2019Q4,29.49,4.99,4.16,60.08,Sustainable,"R2,R4",2
react,2020Q1,27.84,4.51,4.68,69.34,High Performance,"R1,R2,R4",3
react,2020Q2,30.38,4.87,4.53,62.12,Sustainable,"R1,R2,R4",3
react,2020Q3,30.06,5.16,4.73,60.0,Sustainable,R4,1
react,2020Q4,25.15,4.87,4.23,61.09,Sustainable,"R2,R4",2
react,2021Q1,25.64,3.65,4.18,72.5,High Performance,R2,1
react,2021Q2,26.45,5.28,4.64,60.0,Sustainable,R4,1
react,2021Q3,27.77,4.07,4.56,72.56,High Performance,"R1,R2,R4",3
react,2021Q4,24.41,4.4,4.73,71.07,High Performance,"R1,R2,R4",3
react,2022Q1,25.53,4.63,4.34,63.48,Sustainable,"R2,R4",2
react,2022Q2,25.18,6.07,4.5,60.0,Sustainable,R4,1
react,2022Q3,25.35,4.81,4.33,61.63,Sustainable,"R2,R4",2
react,2022Q4,25.85,5.43,3.85,60.0,Sustainable,R4,1
react,2023Q1,23.93,4.87,3.79,61.09,Sustainable,"R2,R4",2
react,2023Q2,21.46,4.7,4.02,62.72,Sustainable,"R2,R4",2
react,2023Q3,19.39,4.62,4.21,63.59,Sustainable,"R2,R4",2
react,2023Q4,20.3,4.19,3.81,69.77,High Performance,"R2,R4",2
react,2024Q1,20.15,4.44,3.78,66.05,Sustainable,"R2,R4",2
react,2024Q2,17.97,5.45,3.42,60.0,Sustainable,R4,1
react,2024Q3,19.67,4.16,3.8,70.21,High Performance,"R2,R4",2
react,2024Q4,19.7,5.11,3.8,60.0,Sustainable,R4,1
rust,2019Q1,17.42,8.42,4.9,60.0,Sustainable,R4,1
rust,2019Q2,17.97,8.85,4.63,60.0,Sustainable,R4,1
rust,2019Q3,16.16,8.45,4.85,60.0,Sustainable,R4,1
rust,2019Q4,15.65,8.59,4.33,60.0,Sustainable,"R4,R5",2
rust,2020Q1,16.52,8.72,5.15,50.0,Sustainable,NONE,0
rust,2020Q2,18.06,7.24,5.26,50.0,Sustainable,NONE,0
rust,2020Q3,17.04,7.79,5.07,50.0,Sustainable,NONE,0
rust,2020Q4,17.43,7.8,5.39,50.0,Sustainable,NONE,0
rust,2021Q1,17.86,7.59,4.64,60.0,Sustainable,R4,1
rust,2021Q2,16.49,7.97,4.32,60.0,Sustainable,R4,1
rust,2021Q3,17.29,6.82,4.88,60.0,Sustainable,R4,1
rust,2021Q4,17.52,9.13,4.58,57.6,Sustainable,"R4,R10",2
rust,2022Q1,18.02,7.96,4.92,60.0,Sustainable,R4,1
rust,2022Q2,17.32,6.3,4.64,60.0,Sustainable,R4,1
rust,2022Q3,20.89,7.01,4.6,60.0,Sustainable,R4,1
rust,2022Q4,19.11,6.56,4.05,60.0,Sustainable,R4,1
rust,2023Q1,19.65,5.92,4.51,60.0,Sustainable,R4,1
rust,2023Q2,20.59,6.41,3.74,60.0,Sustainable,R4,1
rust,2023Q3,20.53,6.07,4.43,60.0,Sustainable,R4,1
rust,2023Q4,18.87,5.54,3.59,60.0,Sustainable,R4,1
rust,2024Q1,19.31,4.71,4.3,62.61,Sustainable,"R2,R4",2
rust,2024Q2,17.87,4.7,3.69,62.72,Sustainable,"R2,R4",2
rust,2024Q3,20.65,4.62,3.31,63.59,Sustainable,"R2,R4",2
rust,2024Q4,19.73,4.44,3.87,66.05,Sustainable,"R2,R4",2
vscode,2019Q1,20.95,5.18,1.44,60.0,Sustainable,R4,1
vscode,2019Q2,18.02,4.36,1.37,35.98,At Risk,"R2,R4,R12",3
vscode,2019Q3,20.28,4.2,1.69,69.63,High Performance,"R2,R4",2
vscode,2019Q4,18.99,3.84,0.71,11.09,Critical Risk,R12,1
vscode,2020Q1,21.78,5.24,0.91,50.0,Sustainable,NONE,0
vscode,2020Q2,19.04,4.64,2.15,63.37,Sustainable,"R2,R4",2
vscode,2020Q3,18.3,4.85,1.56,61.68,Sustainable,"R2,R4",2
vscode,2020Q4,21.43,4.85,2.33,61.27,Sustainable,"R2,R4",2
vscode,2021Q1,19.57,3.8,1.78,72.5,High Performance,R2,1
vscode,2021Q2,18.56,4.46,2.18,65.74,Sustainable,"R2,R4",2
vscode,2021Q3,18.02,4.3,1.59,67.95,High Performance,"R2,R4",2
vscode,2021Q4,18.57,5.26,2.43,60.0,Sustainable,R4,1
vscode,2022Q1,18.24,3.88,3.01,72.5,High Performance,R2,1
vscode,2022Q2,19.02,3.09,2.9,72.5,High Performance,R2,1
vscode,2022Q3,17.23,4.72,3.69,62.51,Sustainable,"R2,R4",2
vscode,2022Q4,17.26,3.82,3.77,72.5,High Performance,R2,1
vscode,2023Q1,17.35,3.2,2.93,72.5,High Performance,R2,1
vscode,2023Q2,17.27,4.52,3.26,64.83,Sustainable,"R2,R4",2
vscode,2023Q3,14.43,4.43,3.94,62.4,Sustainable,"R2,R4,R5,R7",4
vscode,2023Q4,16.0,4.62,3.03,63.59,Sustainable,"R2,R4",2
vscode,2024Q1,16.18,4.85,4.43,61.27,Sustainable,"R2,R4",2
vscode,2024Q2,16.5,5.12,4.82,60.0,Sustainable,R4,1
vscode,2024Q3,15.4,3.79,4.04,66.78,Sustainable,"R2,R7",2
vscode,2024Q4,16.2,3.92,4.85,82.4,Elite AI Maturity,"R1,R2",2
